category_zh,category_en,category_el,name_zh,name_en,name_el,description_zh,description_en,description_el,price,image_url,is_available,sort_order
"精选套餐","Special Menu","SPECIAL MENU","Menu A","Menu A","Menu A","汤 配 κοτόπουλο 和 καλαμπόκι, ανοιξιάτικο ρολό λαχανικών, τηγανητό ρύζι 配 αυγό 和 γλυκόξινο κοτόπουλο","Soup with κοτόπουλο and καλαμπόκι, ανοιξιάτικο ρολό λαχανικών, τηγανητό ρύζι with αυγό and γλυκόξινο κοτόπουλο","Σούπα με κοτόπουλο και καλαμπόκι, ανοιξιάτικο ρολό λαχανικών, τηγανητό ρύζι με αυγό και γλυκόξινο κοτόπουλο","18.9","","true","1001"
"精选套餐","Special Menu","SPECIAL MENU","Menu Β","Menu Β","Menu Β","汤 πικάντικη 和 ξινή, ανοιξιάτικα ρολά λαχανικών, τηγανητό ρύζι 配 αυγό, κομματάκια φιλεταρισμένο κοτόπουλο 和 σάλτσα Thai. Καυτερό","Soup πικάντικη and ξινή, ανοιξιάτικα ρολά λαχανικών, τηγανητό ρύζι with αυγό, κομματάκια φιλεταρισμένο κοτόπουλο and σάλτσα Thai. Καυτερό","Σούπα πικάντικη και ξινή, ανοιξιάτικα ρολά λαχανικών, τηγανητό ρύζι με αυγό, κομματάκια φιλεταρισμένο κοτόπουλο και σάλτσα Thai. Καυτερό","18.9","","true","1002"
"精选套餐","Special Menu","SPECIAL MENU","Menu C","Menu C","Menu C","汤 配 κοτόπουλο 和 καλαμπόκι, ανοιξιάτικα ρολά λαχανικών, τηγανητό ρύζι 配 αυγό 和 μοσχάρι 配 κάρυ","Soup with κοτόπουλο and καλαμπόκι, ανοιξιάτικα ρολά λαχανικών, τηγανητό ρύζι with αυγό and μοσχάρι with κάρυ","Σούπα με κοτόπουλο και καλαμπόκι, ανοιξιάτικα ρολά λαχανικών, τηγανητό ρύζι με αυγό και μοσχάρι με κάρυ","19.9","","true","1003"
"精选套餐","Special Menu","SPECIAL MENU","Menu D","Menu D","Menu D","汤 配 κοτόπουλο 和 καλαμπόκι, ανοιξιάτικα ρολά λαχανικών, τηγανητό ρύζι 配 αυγό 和 πάπια ψητή","Soup with κοτόπουλο and καλαμπόκι, ανοιξιάτικα ρολά λαχανικών, τηγανητό ρύζι with αυγό and πάπια ψητή","Σούπα με κοτόπουλο και καλαμπόκι, ανοιξιάτικα ρολά λαχανικών, τηγανητό ρύζι με αυγό και πάπια ψητή","20.9","","true","1004"
"多人套餐","Set Menu","MENU","Menu 1","Menu 1","Menu 1","Για 2 άτομα. 汤 καυτερή 和 ξινή, ανοιξιάτικα ρολά λαχανικών, τηγανητά won ton, τηγανητό ρύζι 配 αυγά, γλυκόξινο κοτόπουλο 和 μοσχάρι 配 σάλτσα στρειδιών","Για 2 άτομα. Soup καυτερή and ξινή, ανοιξιάτικα ρολά λαχανικών, τηγανητά won ton, τηγανητό ρύζι with αυγά, γλυκόξινο κοτόπουλο and μοσχάρι with σάλτσα στρειδιών","Για 2 άτομα. Σούπα καυτερή και ξινή, ανοιξιάτικα ρολά λαχανικών, τηγανητά won ton, τηγανητό ρύζι με αυγά, γλυκόξινο κοτόπουλο και μοσχάρι με σάλτσα στρειδιών","36.9","","true","2001"
"多人套餐","Set Menu","MENU","Menu 2","Menu 2","Menu 2","Για 2 άτομα. 汤 配 κοτόπουλο 和 καλαμπόκι, ανοιξιάτικα ρολά λαχανικών, τηγανητά won ton, τηγανητά noodles 配 αυγό 和 κοτόπουλο 配 κάρυ 和 χοιρινό γλυκόξινο","Για 2 άτομα. Soup with κοτόπουλο and καλαμπόκι, ανοιξιάτικα ρολά λαχανικών, τηγανητά won ton, τηγανητά noodles with αυγό and κοτόπουλο with κάρυ and χοιρινό γλυκόξινο","Για 2 άτομα. Σούπα με κοτόπουλο και καλαμπόκι, ανοιξιάτικα ρολά λαχανικών, τηγανητά won ton, τηγανητά noodles με αυγό και κοτόπουλο με κάρυ και χοιρινό γλυκόξινο","36.9","","true","2002"
"多人套餐","Set Menu","MENU","Menu 3","Menu 3","Menu 3","Για 4 άτομα. 汤 配 κοτόπουλο 和 καλαμπόκι, ανοιξιάτικα ρολά λαχανικών, τηγανητά won ton, τηγανητές φτερούγες κοτόπουλου, γαρίδες 配 σουσάμι, τηγανητό ρύζι 配 αυγό, τηγανητά noodles 配 αυγό, κοτόπουλο γλυκόξινο, ανά配ικτη ψητή πάπια 和 χοιρινό Tja Sieuw 和 ανά配ικτα λαχανικά 配 σάλτσα στρειδιών","Για 4 άτομα. Soup with κοτόπουλο and καλαμπόκι, ανοιξιάτικα ρολά λαχανικών, τηγανητά won ton, τηγανητές φτερούγες κοτόπουλου, γαρίδες with σουσάμι, τηγανητό ρύζι with αυγό, τηγανητά noodles with αυγό, κοτόπουλο γλυκόξινο, ανάwithικτη ψητή πάπια and χοιρινό Tja Sieuw and ανάwithικτα λαχανικά with σάλτσα στρειδιών","Για 4 άτομα. Σούπα με κοτόπουλο και καλαμπόκι, ανοιξιάτικα ρολά λαχανικών, τηγανητά won ton, τηγανητές φτερούγες κοτόπουλου, γαρίδες με σουσάμι, τηγανητό ρύζι με αυγό, τηγανητά noodles με αυγό, κοτόπουλο γλυκόξινο, ανάμεικτη ψητή πάπια και χοιρινό Tja Sieuw και ανάμεικτα λαχανικά με σάλτσα στρειδιών","81.5","","true","2003"
"多人套餐","Set Menu","MENU","Menu 4","Menu 4","Menu 4","Για 4 άτομα. 汤 καυτερή 和 ξινή, ανοιξιάτικα ρολά λαχανικών, τηγανητά won ton, τηγανητές φτερούγες κοτόπουλου, γαρίδες 配 σουσάμι, τηγανητό ρύζι 配 αυγό, τηγανητά noodles 配 αυγό, 1/2 ψητή πάπια, ανά配ικτα λαχανικά 配 γαρίδες 和 μοσχάρι 配 σάλτσα μαύρων φασολιών","Για 4 άτομα. Soup καυτερή and ξινή, ανοιξιάτικα ρολά λαχανικών, τηγανητά won ton, τηγανητές φτερούγες κοτόπουλου, γαρίδες with σουσάμι, τηγανητό ρύζι with αυγό, τηγανητά noodles with αυγό, 1/2 ψητή πάπια, ανάwithικτα λαχανικά with γαρίδες and μοσχάρι with σάλτσα μαύρων φασολιών","Για 4 άτομα. Σούπα καυτερή και ξινή, ανοιξιάτικα ρολά λαχανικών, τηγανητά won ton, τηγανητές φτερούγες κοτόπουλου, γαρίδες με σουσάμι, τηγανητό ρύζι με αυγό, τηγανητά noodles με αυγό, 1/2 ψητή πάπια, ανάμεικτα λαχανικά με γαρίδες και μοσχάρι με σάλτσα μαύρων φασολιών","85.5","","true","2004"
"汤类","Soups","ΣΟΥΠΕΣ","1. 汤 酸辣","1. Soup Hot and Sour","1. Σούπα Καυτερή και Ξινή","","","","4.9","https://wolt-menu-images-cdn.wolt.com/menu-images/613a080471a7ebf726042884/d750acf2-1b70-11ec-93d5-6a7d1057903b_wok8.jpeg","true","3001"
"汤类","Soups","ΣΟΥΠΕΣ","2. 汤 鸡肉 和 玉米","2. Soup Chicken and Corn","2. Σούπα Κοτόπουλο και Καλαμπόκι","","","","4.9","https://wolt-menu-images-cdn.wolt.com/menu-images/613a080471a7ebf726042884/e3eab048-1b70-11ec-90fb-969ac31d3c5d_wok9.jpeg","true","3002"
"汤类","Soups","ΣΟΥΠΕΣ","3. 汤 配 Won Ton","3. Soup with Won Ton","3. Σούπα με Won Ton","Mε won ton από φύλλα ζυμαρικών 配 χοιρινό 和 γαρίδα","Mε won ton από φύλλα ζυμαρικών with χοιρινό and γαρίδα","Mε won ton από φύλλα ζυμαρικών με χοιρινό και γαρίδα","5.9","https://wolt-menu-images-cdn.wolt.com/menu-images/613a080471a7ebf726042884/18ad0cc6-1b72-11ec-92bd-6ebdeeb82a10_wok26.jpeg","true","3003"
"汤类","Soups","ΣΟΥΠΕΣ","4. 汤 配 Dumplings 虾","4. Soup with Dumplings Shrimp","4. Σούπα με Dumplings Γαρίδας","汤 配 dumplings από φύλλα ζυμαρικών 配 γαρίδα 和 λάχανο","Soup with dumplings από φύλλα ζυμαρικών with γαρίδα and λάχανο","Σούπα με dumplings από φύλλα ζυμαρικών με γαρίδα και λάχανο","6.9","https://wolt-menu-images-cdn.wolt.com/menu-images/613a080471a7ebf726042884/0ceae3aa-1b71-11ec-8084-56b14c1eeb29_wok12.jpeg","true","3004"
"汤类","Soups","ΣΟΥΠΕΣ","5. 汤 配 海鲜","5. Soup with Seafood","5. Σούπα με Θαλασσινά","Με θαλασσινά 和 tofu","Με θαλασσινά and tofu","Με θαλασσινά και tofu","5.9","","true","3005"
"汤类","Soups","ΣΟΥΠΕΣ","6. 汤 配 豆类","6. Soup with Beans","6. Σούπα με Φασόλια","Με φασόλια 和 λάχανο","Με φασόλια and λάχανο","Με φασόλια και λάχανο","4.5","","true","3006"
"汤类","Soups","ΣΟΥΠΕΣ","7. 汤 配 蔬菜","7. Soup with Vegetables","7. Σούπα με Λαχανικά","","","","4.5","https://wolt-menu-images-cdn.wolt.com/menu-images/613a080471a7ebf726042884/006a3a86-1b71-11ec-93e4-42d0deb10ffb_wok11.jpeg","true","3007"
"汤类","Soups","ΣΟΥΠΕΣ","8. 汤 配 番茄 和 鸡蛋","8. Soup with Tomato and Egg","8. Σούπα με Ντομάτα και Αυγό","","","","4.5","","true","3008"
"沙拉","Salads","ΣΑΛΑΤΕΣ","27. 中式","27. Chinese","27. Κινέζικη","沙拉 配 λαχανικά εποχής 和 dressing σουσαμιού","Salad with λαχανικά εποχής and dressing σουσαμιού","Σαλάτα με λαχανικά εποχής και dressing σουσαμιού","8.9","https://wolt-menu-images-cdn.wolt.com/menu-images/613a080471a7ebf726042884/f09a51ae-1b70-11ec-b326-e252303437ee_wok10.jpeg","true","4001"
"沙拉","Salads","ΣΑΛΑΤΕΣ","28. 糖醋","28. Sweet and Sour","28. Γλυκόξινη","沙拉 配 λαχανικά εποχής 和 γλυκόξινη σως","Salad with λαχανικά εποχής and γλυκόξινη σως","Σαλάτα με λαχανικά εποχής και γλυκόξινη σως","8.9","","true","4002"
"沙拉","Salads","ΣΑΛΑΤΕΣ","29. Special Wok Dragon","29. Special Wok Dragon","29. Special Wok Dragon","沙拉 配 λαχανικά εποχής, πάπια 和 γλυκιά chili σως","Salad with λαχανικά εποχής, πάπια and γλυκιά chili σως","Σαλάτα με λαχανικά εποχής, πάπια και γλυκιά chili σως","9.9","","true","4003"
"前菜","Appetizers","ΟΡΕΚΤΙΚΑ","10. 春卷","10. Spring Rolls","10. Ανοιξιάτικα Ρολά","2 Τεμάχια. Ανοιξιάτικα ρολά 配 καρότο, μανιτάρια, φρέσκο κρεμμύδι, λάχανο 和 glass noodles σε τραγανό φύλλο","2 Τεμάχια. Ανοιξιάτικα ρολά with καρότο, μανιτάρια, φρέσκο κρεμμύδι, λάχανο and glass noodles σε τραγανό φύλλο","2 Τεμάχια. Ανοιξιάτικα ρολά με καρότο, μανιτάρια, φρέσκο κρεμμύδι, λάχανο και glass noodles σε τραγανό φύλλο","3.9","https://wolt-menu-images-cdn.wolt.com/menu-images/613a080471a7ebf726042884/bf1b928c-1b70-11ec-b9c7-42d0deb10ffb_wok7.jpeg","true","5001"
"前菜","Appetizers","ΟΡΕΚΤΙΚΑ","11. 炒/炸 Won Ton","11. Fried Won Ton","11. Τηγανητά Won Ton","4 Τεμάχια. Τραγανά φιογκάκια 配 κοτόπουλο","4 Τεμάχια. Τραγανά φιογκάκια with κοτόπουλο","4 Τεμάχια. Τραγανά φιογκάκια με κοτόπουλο","3.9","https://wolt-menu-images-cdn.wolt.com/menu-images/613a080471a7ebf726042884/a4a9b35c-1b70-11ec-afba-8e8bbced4648_wok6.jpeg","true","5002"
"前菜","Appetizers","ΟΡΕΚΤΙΚΑ","12. 卷 虾","12. Rolls Shrimp","12. Ρολά Γαρίδας","2 Τεμάχια. 卷 γαρίδας 配 καρότο, μανιτάρια, φρέσκο κρεμμύδι, λάχανο 和 glass noodles σε τραγανό φύλλο","2 Τεμάχια. Rolls γαρίδας with καρότο, μανιτάρια, φρέσκο κρεμμύδι, λάχανο and glass noodles σε τραγανό φύλλο","2 Τεμάχια. Ρολά γαρίδας με καρότο, μανιτάρια, φρέσκο κρεμμύδι, λάχανο και glass noodles σε τραγανό φύλλο","4.9","https://wolt-menu-images-cdn.wolt.com/menu-images/613a080471a7ebf726042884/a7840c7a-1b71-11ec-bc7a-3217bb67b981_wok19.jpeg","true","5003"
"前菜","Appetizers","ΟΡΕΚΤΙΚΑ","13. Πιτάκια 配 鸭肉","13. Πιτάκια with Duck","13. Πιτάκια με Πάπια","鸭肉 Πεκίνου τηγανισμένη 配 πίτα, φρέσκο κρεμμύδι, αγγούρι 和 dark sauce","Duck Πεκίνου τηγανισμένη with πίτα, φρέσκο κρεμμύδι, αγγούρι and dark sauce","Πάπια Πεκίνου τηγανισμένη με πίτα, φρέσκο κρεμμύδι, αγγούρι και dark sauce","7.9","","true","5004"
"前菜","Appetizers","ΟΡΕΚΤΙΚΑ","14. Cracker 虾","14. Cracker Shrimp","14. Cracker Γαρίδας","","","","3","","true","5005"
"前菜","Appetizers","ΟΡΕΚΤΙΚΑ","16. Τηγανητές 鸡翅 鸡肉υ","16. Τηγανητές Wings Chickenυ","16. Τηγανητές Φτερούγες Κοτόπουλου","4 Τεμάχια","4 Τεμάχια","4 Τεμάχια","4.3","https://imageproxy.wolt.com/assets/693bc693c630f8b0f6f403ab","true","5006"
"前菜","Appetizers","ΟΡΕΚΤΙΚΑ","17. Τηγανητές 虾 配 Σουσάμι","17. Τηγανητές Shrimp with Σουσάμι","17. Τηγανητές Γαρίδες με Σουσάμι","4 Τεμάχια","4 Τεμάχια","4 Τεμάχια","7.3","https://wolt-menu-images-cdn.wolt.com/menu-images/613a080471a7ebf726042884/2c7005a2-1b71-11ec-a924-56b14c1eeb29_wok14.jpeg","true","5007"
"前菜","Appetizers","ΟΡΕΚΤΙΚΑ","18. Γλυκόξινα 猪肉 Παϊδάκια","18. Γλυκόξινα Pork Παϊδάκια","18. Γλυκόξινα Χοιρινά Παϊδάκια","Κομμένα σε μπουκιές","Κομμένα σε μπουκιές","Κομμένα σε μπουκιές","7.3","","true","5008"
"前菜","Appetizers","ΟΡΕΚΤΙΚΑ","19. Παϊδάκια 配 Πιπέρι 和 Αλάτι","19. Παϊδάκια with Πιπέρι and Αλάτι","19. Παϊδάκια με Πιπέρι και Αλάτι","Κομμένα σε μπουκιές","Κομμένα σε μπουκιές","Κομμένα σε μπουκιές","7.3","","true","5009"
"前菜","Appetizers","ΟΡΕΚΤΙΚΑ","20. Παϊδάκια 配 Ζάχαρη 和 Ξύδι","20. Παϊδάκια with Ζάχαρη and Ξύδι","20. Παϊδάκια με Ζάχαρη και Ξύδι","Κομμένα σε μπουκιές","Κομμένα σε μπουκιές","Κομμένα σε μπουκιές","7.3","","true","5010"
"前菜","Appetizers","ΟΡΕΚΤΙΚΑ","21. 炒/炸 Dumplings 配 猪肉","21. Fried Dumplings with Pork","21. Τηγανητά Dumplings με Χοιρινό","9 Τεμάχια","9 Τεμάχια","9 Τεμάχια","9.9","https://wolt-menu-images-cdn.wolt.com/menu-images/613a080471a7ebf726042884/1d46cf34-1b71-11ec-b47b-6ebdeeb82a10_wok13.jpeg","true","5011"
"前菜","Appetizers","ΟΡΕΚΤΙΚΑ","22. Dumplings Ατμού 配 虾","22. Dumplings Ατμού with Shrimp","22. Dumplings Ατμού με Γαρίδες","4 Τεμάχια","4 Τεμάχια","4 Τεμάχια","6.9","","true","5012"
"前菜","Appetizers","ΟΡΕΚΤΙΚΑ","23. Xiao Long Bao Ατμού","23. Xiao Long Bao Ατμού","23. Xiao Long Bao Ατμού","5 Τεμάχια","5 Τεμάχια","5 Τεμάχια","6.9","https://wolt-menu-images-cdn.wolt.com/menu-images/613a080471a7ebf726042884/79757f9a-1b70-11ec-87c3-2a00642953cc_wok4.jpeg","true","5013"
"前菜","Appetizers","ΟΡΕΚΤΙΚΑ","24. Κινέζικο Ψωμάκι","24. Κινέζικο Ψωμάκι","24. Κινέζικο Ψωμάκι","2 Τεμάχια Κινέζικο ψωμί","2 Τεμάχια Κινέζικο ψωμί","2 Τεμάχια Κινέζικο ψωμί","3","","true","5014"
"前菜","Appetizers","ΟΡΕΚΤΙΚΑ","25. 虾 Tempura","25. Shrimp Tempura","25. Γαρίδες Tempura","","","","7.3","","true","5015"
"汤面","Noodle Soups","ΣΟΥΠΕΣ ΜΕ NOODLES","30. 汤 Θαλασσινών 配 Noodles","30. Soup Θαλασσινών with Noodles","30. Σούπα Θαλασσινών με Noodles","汤 配 noodles, θαλασσινά 和 κινέζικο λάχανο","Soup with noodles, θαλασσινά and κινέζικο λάχανο","Σούπα με noodles, θαλασσινά και κινέζικο λάχανο","14.9","","true","6001"
"汤面","Noodle Soups","ΣΟΥΠΕΣ ΜΕ NOODLES","31. 汤 配 牛肉 和 Noodles","31. Soup with Beef and Noodles","31. Σούπα με Μοσχάρι και Noodles","汤 配 noodles, μαλακό μοσχάρι 和 κινέζικο λάχανο","Soup with noodles, μαλακό μοσχάρι and κινέζικο λάχανο","Σούπα με noodles, μαλακό μοσχάρι και κινέζικο λάχανο","14.9","","true","6002"
"汤面","Noodle Soups","ΣΟΥΠΕΣ ΜΕ NOODLES","32. 汤 配 Won Ton 和 Noodles","32. Soup with Won Ton and Noodles","32. Σούπα με Won Ton και Noodles","汤 配 noodles, won ton 配 χοιρινό 和 κινέζικο λάχανο","Soup with noodles, won ton with χοιρινό and κινέζικο λάχανο","Σούπα με noodles, won ton με χοιρινό και κινέζικο λάχανο","14.9","","true","6003"
"汤面","Noodle Soups","ΣΟΥΠΕΣ ΜΕ NOODLES","33. 汤 配 Dumplings 和 Noodles","33. Soup with Dumplings and Noodles","33. Σούπα με Dumplings και Noodles","汤 配 noodles, dumplings 配 γαρίδες 和 κινέζικο λάχανο","Soup with noodles, dumplings with γαρίδες and κινέζικο λάχανο","Σούπα με noodles, dumplings με γαρίδες και κινέζικο λάχανο","15.9","","true","6004"
"汤面","Noodle Soups","ΣΟΥΠΕΣ ΜΕ NOODLES","34. 汤 配 鸭肉 烤 和 Noodles","34. Soup with Duck Roasted and Noodles","34. Σούπα με Πάπια Ψητή και Noodles","汤 配 noodles, πάπια ψητή 1/4 和 κινέζικο λάχανο","Soup with noodles, πάπια ψητή 1/4 and κινέζικο λάχανο","Σούπα με noodles, πάπια ψητή 1/4 και κινέζικο λάχανο","16.5","","true","6005"
"汤面","Noodle Soups","ΣΟΥΠΕΣ ΜΕ NOODLES","35. 汤 配 烤 猪肉 和 Noodles","35. Soup with Roasted Pork and Noodles","35. Σούπα με Ψητό Χοιρινό και Noodles","汤 配 noodles, γλυκό χοιρινό 和 κινέζικο λάχανο","Soup with noodles, γλυκό χοιρινό and κινέζικο λάχανο","Σούπα με noodles, γλυκό χοιρινό και κινέζικο λάχανο","14.9","","true","6006"
"汤面","Noodle Soups","ΣΟΥΠΕΣ ΜΕ NOODLES","36. 汤 配 Ξεροψημένο 猪肉 和 Noodles","36. Soup with Ξεροψημένο Pork and Noodles","36. Σούπα με Ξεροψημένο Χοιρινό και Noodles","汤 配 noodles, ξεροψημένο χοιρινό 和 κινέζικο λάχανο","Soup with noodles, ξεροψημένο χοιρινό and κινέζικο λάχανο","Σούπα με noodles, ξεροψημένο χοιρινό και κινέζικο λάχανο","14.9","","true","6007"
"汤面","Noodle Soups","ΣΟΥΠΕΣ ΜΕ NOODLES","37. 汤 配 海鲜 和 Νoodles 米饭","37. Soup with Seafood and Νoodles Rice","37. Σούπα με Θαλασσινά και Νoodles Ρυζιού","汤 配 noodles ρυζιού, θαλασσινά 和 κινέζικο λάχανο","Soup with noodles ρυζιού, θαλασσινά and κινέζικο λάχανο","Σούπα με noodles ρυζιού, θαλασσινά και κινέζικο λάχανο","14.9","","true","6008"
"汤面","Noodle Soups","ΣΟΥΠΕΣ ΜΕ NOODLES","38. 汤 配 牛肉 和 Noodles 米饭","38. Soup with Beef and Noodles Rice","38. Σούπα με Μοσχάρι και Noodles Ρυζιού","汤 配 noodles ρυζιού, μαλακό μοσχάρι 和 κινέζικο λάχανο","Soup with noodles ρυζιού, μαλακό μοσχάρι and κινέζικο λάχανο","Σούπα με noodles ρυζιού, μαλακό μοσχάρι και κινέζικο λάχανο","14.9","","true","6009"
"汤面","Noodle Soups","ΣΟΥΠΕΣ ΜΕ NOODLES","39. 汤 配 Won Ton 和 Noodles 米饭","39. Soup with Won Ton and Noodles Rice","39. Σούπα με Won Ton και Noodles Ρυζιού","汤 配 noodles ρυζιού, won ton 配 χοιρινό 和 κινέζικο λάχανο","Soup with noodles ρυζιού, won ton with χοιρινό and κινέζικο λάχανο","Σούπα με noodles ρυζιού, won ton με χοιρινό και κινέζικο λάχανο","14.9","","true","6010"
"汤面","Noodle Soups","ΣΟΥΠΕΣ ΜΕ NOODLES","40. 汤 配 Dumplings 和 Noodles 米饭","40. Soup with Dumplings and Noodles Rice","40. Σούπα με Dumplings και Noodles Ρυζιού","汤 配 noodles ρυζιού, dumplings 配 γαρίδες 和 κινέζικο λάχανο","Soup with noodles ρυζιού, dumplings with γαρίδες and κινέζικο λάχανο","Σούπα με noodles ρυζιού, dumplings με γαρίδες και κινέζικο λάχανο","14.9","","true","6011"
"汤面","Noodle Soups","ΣΟΥΠΕΣ ΜΕ NOODLES","41. 汤 配 蔬菜 和 Noodles","41. Soup with Vegetables and Noodles","41. Σούπα με Λαχανικά και Noodles","","","","11.9","","true","6012"
"汤面","Noodle Soups","ΣΟΥΠΕΣ ΜΕ NOODLES","42. 汤 配 鸡肉 和 Nooodles 米饭","42. Soup with Chicken and Nooodles Rice","42. Σούπα με Κοτόπουλο και Nooodles Ρυζιού","","","","12.9","","true","6013"
"炒面","Fried Noodles","ΤΗΓΑΝΗΤΑ NOODLES","45. 炒/炸 Noodles 配 鸡蛋","45. Fried Noodles with Egg","45. Τηγανητά Noodles με Αυγό","","","","8.9","","true","7001"
"炒面","Fried Noodles","ΤΗΓΑΝΗΤΑ NOODLES","46. 炒/炸 Noodles 配 牛肉","46. Fried Noodles with Beef","46. Τηγανητά Noodles με Μοσχάρι","","","","11.5","","true","7002"
"炒面","Fried Noodles","ΤΗΓΑΝΗΤΑ NOODLES","47. 炒/炸 Noodles 配 蔬菜","47. Fried Noodles with Vegetables","47. Τηγανητά Noodles με Λαχανικά","","","","9.9","","true","7003"
"炒面","Fried Noodles","ΤΗΓΑΝΗΤΑ NOODLES","48. 炒/炸 Noodles 配 鸭肉","48. Fried Noodles with Duck","48. Τηγανητά Noodles με Πάπια","","","","11.9","","true","7004"
"炒面","Fried Noodles","ΤΗΓΑΝΗΤΑ NOODLES","49. 炒/炸 Noodles 配 鸡肉","49. Fried Noodles with Chicken","49. Τηγανητά Noodles με Κοτόπουλο","","","","10.9","https://wolt-menu-images-cdn.wolt.com/menu-images/613a080471a7ebf726042884/42dfe9c0-1b70-11ec-bf9b-622ab477fd83_wok2.jpeg","true","7005"
"炒面","Fried Noodles","ΤΗΓΑΝΗΤΑ NOODLES","50. 炒/炸 Noodles 配 猪肉","50. Fried Noodles with Pork","50. Τηγανητά Noodles με Χοιρινό","","","","10.9","","true","7006"
"炒面","Fried Noodles","ΤΗΓΑΝΗΤΑ NOODLES","51. 炒/炸 Noodles 配 海鲜","51. Fried Noodles with Seafood","51. Τηγανητά Noodles με Θαλασσινά","","","","12.9","https://wolt-menu-images-cdn.wolt.com/menu-images/613a080471a7ebf726042884/5da255ae-1b70-11ec-92df-c641871f7ee2_wok3.jpeg","true","7007"
"炒面","Fried Noodles","ΤΗΓΑΝΗΤΑ NOODLES","52. 炒/炸 Noodles 配 虾","52. Fried Noodles with Shrimp","52. Τηγανητά Noodles με Γαρίδες","","","","13.5","","true","7008"
"炒面","Fried Noodles","ΤΗΓΑΝΗΤΑ NOODLES","53. 炒/炸 Noodles 配 Καλαμάρι","53. Fried Noodles with Καλαμάρι","53. Τηγανητά Noodles με Καλαμάρι","","","","12.9","","true","7009"
"炒面","Fried Noodles","ΤΗΓΑΝΗΤΑ NOODLES","54. 炒/炸 Noodles Σιγκαπούρης","54. Fried Noodles Σιγκαπούρης","54. Τηγανητά Noodles Σιγκαπούρης","Κινέζικα μακαρόνια 配 χοιρινό 和 γαρίδες, κάρυ σε σκόνη 和 καυτερή πιπεριά","Κινέζικα μακαρόνια with χοιρινό and γαρίδες, κάρυ σε σκόνη and καυτερή πιπεριά","Κινέζικα μακαρόνια με χοιρινό και γαρίδες, κάρυ σε σκόνη και καυτερή πιπεριά","12.5","https://wolt-menu-images-cdn.wolt.com/menu-images/613a080471a7ebf726042884/d0bbf166-1b71-11ec-ab1e-622ab477fd83_wok22.jpeg","true","7010"
"炒米粉","Fried Rice Noodles","ΤΗΓΑΝΗΤΑ NOODLES ΡΥΖΙΟΥ","60. 炒/炸 Noodles 米饭 配 鸡蛋","60. Fried Noodles Rice with Egg","60. Τηγανητά Noodles Ρυζιού με Αυγό","","","","9.5","","true","8001"
"炒米粉","Fried Rice Noodles","ΤΗΓΑΝΗΤΑ NOODLES ΡΥΖΙΟΥ","61. 炒/炸 Noodles 米饭 配 牛肉","61. Fried Noodles Rice with Beef","61. Τηγανητά Noodles Ρυζιού με Μοσχάρι","","","","12","","true","8002"
"炒米粉","Fried Rice Noodles","ΤΗΓΑΝΗΤΑ NOODLES ΡΥΖΙΟΥ","62. 炒/炸 Noodles 米饭 配 蔬菜","62. Fried Noodles Rice with Vegetables","62. Τηγανητά Noodles Ρυζιού με Λαχανικά","","","","10.5","","true","8003"
"炒米粉","Fried Rice Noodles","ΤΗΓΑΝΗΤΑ NOODLES ΡΥΖΙΟΥ","63. 炒/炸 Noodles 米饭 配 鸭肉","63. Fried Noodles Rice with Duck","63. Τηγανητά Noodles Ρυζιού με Πάπια","","","","12.5","","true","8004"
"炒米粉","Fried Rice Noodles","ΤΗΓΑΝΗΤΑ NOODLES ΡΥΖΙΟΥ","64. 炒/炸 Noodles 米饭 配 鸡肉","64. Fried Noodles Rice with Chicken","64. Τηγανητά Noodles Ρυζιού με Κοτόπουλο","","","","11.5","","true","8005"
"炒米粉","Fried Rice Noodles","ΤΗΓΑΝΗΤΑ NOODLES ΡΥΖΙΟΥ","65. 炒/炸 Noodles 米饭 配 猪肉","65. Fried Noodles Rice with Pork","65. Τηγανητά Noodles Ρυζιού με Χοιρινό","","","","11.9","","true","8006"
"炒米粉","Fried Rice Noodles","ΤΗΓΑΝΗΤΑ NOODLES ΡΥΖΙΟΥ","66. 炒/炸 Noodles 米饭 配 海鲜","66. Fried Noodles Rice with Seafood","66. Τηγανητά Noodles Ρυζιού με Θαλασσινά","","","","13.5","","true","8007"
"炒米粉","Fried Rice Noodles","ΤΗΓΑΝΗΤΑ NOODLES ΡΥΖΙΟΥ","67. 炒/炸 Noodles 米饭 配 虾","67. Fried Noodles Rice with Shrimp","67. Τηγανητά Noodles Ρυζιού με Γαρίδες","","","","13.9","","true","8008"
"炒米粉","Fried Rice Noodles","ΤΗΓΑΝΗΤΑ NOODLES ΡΥΖΙΟΥ","68. 炒/炸 Noodles 米饭 配 Καλαμάρι","68. Fried Noodles Rice with Καλαμάρι","68. Τηγανητά Noodles Ρυζιού με Καλαμάρι","","","","13.5","","true","8009"
"炒米粉","Fried Rice Noodles","ΤΗΓΑΝΗΤΑ NOODLES ΡΥΖΙΟΥ","69. 炒/炸 Noodles 米饭 Σιγκαπούρης","69. Fried Noodles Rice Σιγκαπούρης","69. Τηγανητά Noodles Ρυζιού Σιγκαπούρης","Καυτερό","Καυτερό","Καυτερό","12.9","","true","8010"
"炒饭","Fried Rice","ΤΗΓΑΝΗΤΟ ΡΥΖΙ","75. 米饭 Ατμού","75. Rice Ατμού","75. Ρύζι Ατμού","","","","3","","true","9001"
"炒饭","Fried Rice","ΤΗΓΑΝΗΤΟ ΡΥΖΙ","76. 炒/炸 米饭 配 鸡蛋","76. Fried Rice with Egg","76. Τηγανητό Ρύζι με Αυγό","","","","8.9","","true","9002"
"炒饭","Fried Rice","ΤΗΓΑΝΗΤΟ ΡΥΖΙ","77. 炒/炸 米饭 配 牛肉","77. Fried Rice with Beef","77. Τηγανητό Ρύζι με Μοσχάρι","","","","11.5","","true","9003"
"炒饭","Fried Rice","ΤΗΓΑΝΗΤΟ ΡΥΖΙ","78. 炒/炸 米饭 配 蔬菜","78. Fried Rice with Vegetables","78. Τηγανητό Ρύζι με Λαχανικά","","","","9.9","","true","9004"
"炒饭","Fried Rice","ΤΗΓΑΝΗΤΟ ΡΥΖΙ","79. 炒/炸 米饭 配 鸭肉","79. Fried Rice with Duck","79. Τηγανητό Ρύζι με Πάπια","","","","11.9","","true","9005"
"炒饭","Fried Rice","ΤΗΓΑΝΗΤΟ ΡΥΖΙ","80. 炒/炸 米饭 配 鸡肉","80. Fried Rice with Chicken","80. Τηγανητό Ρύζι με Κοτόπουλο","","","","10.9","","true","9006"
"炒饭","Fried Rice","ΤΗΓΑΝΗΤΟ ΡΥΖΙ","81. 炒/炸 米饭 配 猪肉","81. Fried Rice with Pork","81. Τηγανητό Ρύζι με Χοιρινό","","","","10.9","","true","9007"
"炒饭","Fried Rice","ΤΗΓΑΝΗΤΟ ΡΥΖΙ","82. 炒/炸 米饭 配 海鲜","82. Fried Rice with Seafood","82. Τηγανητό Ρύζι με Θαλασσινά","","","","12.9","","true","9008"
"炒饭","Fried Rice","ΤΗΓΑΝΗΤΟ ΡΥΖΙ","83. 炒/炸 米饭 配 虾","83. Fried Rice with Shrimp","83. Τηγανητό Ρύζι με Γαρίδες","","","","13.5","https://wolt-menu-images-cdn.wolt.com/menu-images/613a080471a7ebf726042884/8ba8e198-1b70-11ec-93bb-3217bb67b981_wok5.jpeg","true","9009"
"炒饭","Fried Rice","ΤΗΓΑΝΗΤΟ ΡΥΖΙ","84. 炒/炸 米饭 Yeung Chau","84. Fried Rice Yeung Chau","84. Τηγανητό Ρύζι Yeung Chau","炒/炸 ρύζι 配 χοιρινό, γαρίδες 和 λαχανικά","Fried ρύζι with χοιρινό, γαρίδες and λαχανικά","Τηγανητό ρύζι με χοιρινό, γαρίδες και λαχανικά","12.5","","true","9010"
"鸭肉","Duck","ΠΑΠΙΑ","90. 鸭肉 烤","90. Duck Roasted","90. Πάπια Ψητή","1/2","1/2","1/2","26.9","","true","10001"
"鸭肉","Duck","ΠΑΠΙΑ","91. 鸭肉 烤 配 Ανανά","91. Duck Roasted with Ανανά","91. Πάπια Ψητή με Ανανά","","","","16.5","","true","10002"
"鸭肉","Duck","ΠΑΠΙΑ","92. 鸭肉 烤 配 Πορτοκάλι","92. Duck Roasted with Πορτοκάλι","92. Πάπια Ψητή με Πορτοκάλι","","","","16.5","","true","10003"
"鸭肉","Duck","ΠΑΠΙΑ","93. 鸭肉 烤","93. Duck Roasted","93. Πάπια Ψητή","1/4","1/4","1/4","14.9","","true","10004"
"鸭肉","Duck","ΠΑΠΙΑ","94. Pancake 鸭肉 Πεκίνου 1/4","94. Pancake Duck Πεκίνου 1/4","94. Pancake Πάπια Πεκίνου 1/4","","","","17.9","https://wolt-menu-images-cdn.wolt.com/menu-images/613a080471a7ebf726042884/61c116dc-1d34-11ec-93c7-d69bdcc001e5_d.jpeg","true","10005"
"鸭肉","Duck","ΠΑΠΙΑ","95. Pancake 鸭肉 Πεκίνου 1/2","95. Pancake Duck Πεκίνου 1/2","95. Pancake Πάπια Πεκίνου 1/2","","","","34.9","","true","10006"
"鸭肉","Duck","ΠΑΠΙΑ","96. Pancake 鸭肉 Πεκίνου 1/1","96. Pancake Duck Πεκίνου 1/1","96. Pancake Πάπια Πεκίνου 1/1","","","","65","","true","10007"
"鸭肉","Duck","ΠΑΠΙΑ","97. Ανά配ικτα Ψητά Tja Sieuw, Τραγανό 猪肉 和 烤 鸭肉","97. Ανάwithικτα Ψητά Tja Sieuw, Τραγανό Pork and Roasted Duck","97. Ανάμεικτα Ψητά Tja Sieuw, Τραγανό Χοιρινό και Ψητή Πάπια","","","","32","","true","10008"
"鸭肉","Duck","ΠΑΠΙΑ","98. Ανά配ικτα Ψητά Τραγανό 猪肉 和 烤 鸭肉","98. Ανάwithικτα Ψητά Τραγανό Pork and Roasted Duck","98. Ανάμεικτα Ψητά Τραγανό Χοιρινό και Ψητή Πάπια","","","","24.9","","true","10009"
"鸭肉","Duck","ΠΑΠΙΑ","99. Ανά配ικτα Ψητά Tja Sieuw 和 烤 鸭肉","99. Ανάwithικτα Ψητά Tja Sieuw and Roasted Duck","99. Ανάμεικτα Ψητά Tja Sieuw και Ψητή Πάπια","","","","24.9","","true","10010"
"鸭肉","Duck","ΠΑΠΙΑ","100. Ανά配ικτα Ψητά Tja Sieuw 和 Τραγανό 猪肉","100. Ανάwithικτα Ψητά Tja Sieuw and Τραγανό Pork","100. Ανάμεικτα Ψητά Tja Sieuw και Τραγανό Χοιρινό","","","","24.9","","true","10011"
"牛肉","Beef","ΜΟΣΧΑΡΙ","105. 牛肉 配 酱 Kung Pao","105. Beef with Sauce Kung Pao","105. Μοσχάρι με Σάλτσα Kung Pao","Καυτερό","Καυτερό","Καυτερό","13.9","","true","11001"
"牛肉","Beef","ΜΟΣΧΑΡΙ","106. 牛肉 配 Thai Sauce","106. Beef with Thai Sauce","106. Μοσχάρι με Thai Sauce","Καυτερό","Καυτερό","Καυτερό","13.9","","true","11002"
"牛肉","Beef","ΜΟΣΧΑΡΙ","107. 牛肉 配 Black Bean Sauce","107. Beef with Black Bean Sauce","107. Μοσχάρι με Black Bean Sauce","","","","13.9","","true","11003"
"牛肉","Beef","ΜΟΣΧΑΡΙ","108. 牛肉 配 Πιπέρι 和 Αλάτι","108. Beef with Πιπέρι and Αλάτι","108. Μοσχάρι με Πιπέρι και Αλάτι","Καυτερό","Καυτερό","Καυτερό","13.9","","true","11004"
"牛肉","Beef","ΜΟΣΧΑΡΙ","109. 牛肉 Sichuan","109. Beef Sichuan","109. Μοσχάρι Sichuan","","","","13.9","","true","11005"
"牛肉","Beef","ΜΟΣΧΑΡΙ","110. 牛肉 配 蔬菜","110. Beef with Vegetables","110. Μοσχάρι με Λαχανικά","","","","13.9","","true","11006"
"牛肉","Beef","ΜΟΣΧΑΡΙ","111. 牛肉 配 咖喱","111. Beef with Curry","111. Μοσχάρι με Κάρυ","","","","13.9","","true","11007"
"牛肉","Beef","ΜΟΣΧΑΡΙ","112. 牛肉 配 酱 Στρειδιών","112. Beef with Sauce Στρειδιών","112. Μοσχάρι με Σάλτσα Στρειδιών","","","","13.9","","true","11008"
"牛肉","Beef","ΜΟΣΧΑΡΙ","113. 牛肉 配 Μπρόκολο","113. Beef with Μπρόκολο","113. Μοσχάρι με Μπρόκολο","","","","13.9","","true","11009"
"牛肉","Beef","ΜΟΣΧΑΡΙ","114. 牛肉 配 Πιπερόριζα 和 Κρεμμύδια","114. Beef with Πιπερόριζα and Κρεμμύδια","114. Μοσχάρι με Πιπερόριζα και Κρεμμύδια","","","","17.9","","true","11010"
"牛肉","Beef","ΜΟΣΧΑΡΙ","115. 汤 Μοσχαριού 配 Chili","115. Soup Μοσχαριού with Chili","115. Σούπα Μοσχαριού με Chili","","","","29.9","","true","11011"
"鸡肉","Chicken","ΚΟΤΟΠΟΥΛΟ","120. 鸡肉 配 酱 Kung Pao","120. Chicken with Sauce Kung Pao","120. Κοτόπουλο με Σάλτσα Kung Pao","Καυτερό","Καυτερό","Καυτερό","11.9","","true","12001"
"鸡肉","Chicken","ΚΟΤΟΠΟΥΛΟ","121. 鸡肉 配 Thai Sauce","121. Chicken with Thai Sauce","121. Κοτόπουλο με Thai Sauce","Καυτερό","Καυτερό","Καυτερό","11.9","https://wolt-menu-images-cdn.wolt.com/menu-images/613a080471a7ebf726042884/4b799d14-1b71-11ec-a2f5-42d0deb10ffb_wok16.jpeg","true","12002"
"鸡肉","Chicken","ΚΟΤΟΠΟΥΛΟ","122. 鸡肉 配 Black Bean Sauce","122. Chicken with Black Bean Sauce","122. Κοτόπουλο με Black Bean Sauce","","","","11.9","","true","12003"
"鸡肉","Chicken","ΚΟΤΟΠΟΥΛΟ","123. 鸡肉 配 Πιπέρι 和 Αλάτι","123. Chicken with Πιπέρι and Αλάτι","123. Κοτόπουλο με Πιπέρι και Αλάτι","Καυτερό","Καυτερό","Καυτερό","11.9","","true","12004"
"鸡肉","Chicken","ΚΟΤΟΠΟΥΛΟ","124. 鸡肉 Sichuan","124. Chicken Sichuan","124. Κοτόπουλο Sichuan","","","","12.9","","true","12005"
"鸡肉","Chicken","ΚΟΤΟΠΟΥΛΟ","125. 鸡肉 配 Λεμόνι","125. Chicken with Λεμόνι","125. Κοτόπουλο με Λεμόνι","","","","11.9","","true","12006"
"鸡肉","Chicken","ΚΟΤΟΠΟΥΛΟ","126. 鸡肉 配 蔬菜","126. Chicken with Vegetables","126. Κοτόπουλο με Λαχανικά","","","","11.9","","true","12007"
"鸡肉","Chicken","ΚΟΤΟΠΟΥΛΟ","127. 鸡肉 配 咖喱","127. Chicken with Curry","127. Κοτόπουλο με Κάρυ","","","","11.9","","true","12008"
"鸡肉","Chicken","ΚΟΤΟΠΟΥΛΟ","128. 鸡肉 配 酱 Στρειδιών","128. Chicken with Sauce Στρειδιών","128. Κοτόπουλο με Σάλτσα Στρειδιών","","","","11.9","","true","12009"
"鸡肉","Chicken","ΚΟΤΟΠΟΥΛΟ","129. 鸡肉 糖醋","129. Chicken Sweet and Sour","129. Κοτόπουλο Γλυκόξινο","","","","11.9","https://wolt-menu-images-cdn.wolt.com/menu-images/613a080471a7ebf726042884/3b883956-1b71-11ec-980b-e252303437ee_wok15.jpeg","true","12010"
"鸡肉","Chicken","ΚΟΤΟΠΟΥΛΟ","130. 鸡肉 配 Μπρόκολο","130. Chicken with Μπρόκολο","130. Κοτόπουλο με Μπρόκολο","","","","11.9","https://imageproxy.wolt.com/assets/693893cf3bbac3ed7f83bd7b","true","12011"
"鸡肉","Chicken","ΚΟΤΟΠΟΥΛΟ","131. 鸡肉 配 Chili","131. Chicken with Chili","131. Κοτόπουλο με Chili","","","","12.9","","true","12012"
"猪肉","Pork","ΧΟΙΡΙΝΟ","151. 猪肉 配 酱 Kung Pao","151. Pork with Sauce Kung Pao","151. Χοιρινό με Σάλτσα Kung Pao","Καυτερό","Καυτερό","Καυτερό","11.9","","true","13001"
"猪肉","Pork","ΧΟΙΡΙΝΟ","152. 猪肉 配 酱 Thai","152. Pork with Sauce Thai","152. Χοιρινό με Σάλτσα Thai","Καυτερό","Καυτερό","Καυτερό","11.9","","true","13002"
"猪肉","Pork","ΧΟΙΡΙΝΟ","153. 猪肉 配 酱 Μαύρων Φασολιών","153. Pork with Sauce Μαύρων Φασολιών","153. Χοιρινό με Σάλτσα Μαύρων Φασολιών","","","","11.9","","true","13003"
"猪肉","Pork","ΧΟΙΡΙΝΟ","154. 猪肉 配 Πιπέρι 和 Αλάτι","154. Pork with Πιπέρι and Αλάτι","154. Χοιρινό με Πιπέρι και Αλάτι","Καυτερό","Καυτερό","Καυτερό","11.9","","true","13004"
"猪肉","Pork","ΧΟΙΡΙΝΟ","155. 猪肉 Sichuan","155. Pork Sichuan","155. Χοιρινό Sichuan","","","","12.9","","true","13005"
"猪肉","Pork","ΧΟΙΡΙΝΟ","156. 猪肉 烤","156. Pork Roasted","156. Χοιρινό Ψητό","Ξεροψημένο","Ξεροψημένο","Ξεροψημένο","15.9","https://wolt-menu-images-cdn.wolt.com/menu-images/613a080471a7ebf726042884/684022c4-1b71-11ec-83da-5691f154b5b4_wok17.jpeg","true","13006"
"猪肉","Pork","ΧΟΙΡΙΝΟ","157. 猪肉 配 蔬菜","157. Pork with Vegetables","157. Χοιρινό με Λαχανικά","","","","11.9","https://wolt-menu-images-cdn.wolt.com/menu-images/613a080471a7ebf726042884/29b65b5a-1b70-11ec-8411-e252303437ee_wok1.jpeg","true","13007"
"猪肉","Pork","ΧΟΙΡΙΝΟ","158. 猪肉 配 咖喱","158. Pork with Curry","158. Χοιρινό με Κάρυ","","","","11.9","","true","13008"
"猪肉","Pork","ΧΟΙΡΙΝΟ","159. 猪肉 配 酱 Στρειδιών","159. Pork with Sauce Στρειδιών","159. Χοιρινό με Σάλτσα Στρειδιών","","","","11.9","","true","13009"
"猪肉","Pork","ΧΟΙΡΙΝΟ","160. 猪肉 糖醋","160. Pork Sweet and Sour","160. Χοιρινό Γλυκόξινο","","","","11.9","","true","13010"
"猪肉","Pork","ΧΟΙΡΙΝΟ","161. 猪肉 Tja Sieuw","161. Pork Tja Sieuw","161. Χοιρινό Tja Sieuw","","","","15.9","","true","13011"
"猪肉","Pork","ΧΟΙΡΙΝΟ","162. Γλυκόξινα Παϊδάκια","162. Γλυκόξινα Παϊδάκια","162. Γλυκόξινα Παϊδάκια","Κομμένα σε μπουκιές 配 mix λαχανικών 和 sauce","Κομμένα σε μπουκιές with mix λαχανικών and sauce","Κομμένα σε μπουκιές με mix λαχανικών και sauce","13.5","","true","13012"
"猪肉","Pork","ΧΟΙΡΙΝΟ","163. 猪肉 Παϊδάκια 配 Αλάτι 和 Πιπέρι","163. Pork Παϊδάκια with Αλάτι and Πιπέρι","163. Χοιρινά Παϊδάκια με Αλάτι και Πιπέρι","Κομμένα σε μπουκιές 配 mix λαχανικών 和 sauce","Κομμένα σε μπουκιές with mix λαχανικών and sauce","Κομμένα σε μπουκιές με mix λαχανικών και sauce","13.5","","true","13013"
"猪肉","Pork","ΧΟΙΡΙΝΟ","164. 猪肉 Παϊδάκια 配 Ζάχαρη 和 Ξύδι","164. Pork Παϊδάκια with Ζάχαρη and Ξύδι","164. Χοιρινά Παϊδάκια με Ζάχαρη και Ξύδι","Κομμένα σε μπουκιές 配 sauce","Κομμένα σε μπουκιές with sauce","Κομμένα σε μπουκιές με sauce","13.5","https://wolt-menu-images-cdn.wolt.com/menu-images/613a080471a7ebf726042884/e8fa5f42-1b71-11ec-925e-e252303437ee_wok24.jpeg","true","13014"
"猪肉","Pork","ΧΟΙΡΙΝΟ","165. 炒/炸 猪肉 Παϊδάκια","165. Fried Pork Παϊδάκια","165. Τηγανητά Χοιρινά Παϊδάκια","Κομμένα σε μπουκιές 配 mix λαχανικών 和 sauce","Κομμένα σε μπουκιές with mix λαχανικών and sauce","Κομμένα σε μπουκιές με mix λαχανικών και sauce","13.5","","true","13015"
"猪肉","Pork","ΧΟΙΡΙΝΟ","166. 猪肉 Mei Cai Kou Rou","166. Pork Mei Cai Kou Rou","166. Χοιρινό Mei Cai Kou Rou","","","","18.9","","true","13016"
"猪肉","Pork","ΧΟΙΡΙΝΟ","167. 猪肉 配 Chilli","167. Pork with Chilli","167. Χοιρινό με Chilli","","","","12.9","","true","13017"
"海鲜","Seafood","ΘΑΛΑΣΣΙΝΑ","170. 虾 配 Μπρόκολο","170. Shrimp with Μπρόκολο","170. Γαρίδες με Μπρόκολο","","","","15.9","https://wolt-menu-images-cdn.wolt.com/menu-images/613a080471a7ebf726042884/4169e436-1b72-11ec-87d7-622ab477fd83_wok28.jpeg","true","14001"
"海鲜","Seafood","ΘΑΛΑΣΣΙΝΑ","171. Ο配λέτα 配 虾","171. Οwithλέτα with Shrimp","171. Ομελέτα με Γαρίδες","","","","16.9","","true","14002"
"海鲜","Seafood","ΘΑΛΑΣΣΙΝΑ","172. 虾 配 Ανά配ικτα 蔬菜","172. Shrimp with Ανάwithικτα Vegetables","172. Γαρίδες με Ανάμεικτα Λαχανικά","","","","15.9","","true","14003"
"海鲜","Seafood","ΘΑΛΑΣΣΙΝΑ","173. 虾 配 酱 Thai","173. Shrimp with Sauce Thai","173. Γαρίδες με Σάλτσα Thai","Καυτερό","Καυτερό","Καυτερό","15.9","","true","14004"
"海鲜","Seafood","ΘΑΛΑΣΣΙΝΑ","174. 虾 配 酱 咖喱","174. Shrimp with Sauce Curry","174. Γαρίδες με Σάλτσα Κάρυ","","","","15.9","","true","14005"
"海鲜","Seafood","ΘΑΛΑΣΣΙΝΑ","175. 虾 Γλυκόξινες","175. Shrimp Γλυκόξινες","175. Γαρίδες Γλυκόξινες","","","","15.9","","true","14006"
"海鲜","Seafood","ΘΑΛΑΣΣΙΝΑ","176. 虾 配 Πιπέρι 和 Αλάτι","176. Shrimp with Πιπέρι and Αλάτι","176. Γαρίδες με Πιπέρι και Αλάτι","Καυτερό","Καυτερό","Καυτερό","18.9","","true","14007"
"海鲜","Seafood","ΘΑΛΑΣΣΙΝΑ","177. 虾 στον Ατμό 配 蒜","177. Shrimp στον Ατμό with Garlic","177. Γαρίδες στον Ατμό με Σκόρδο","","","","18.9","","true","14008"
"海鲜","Seafood","ΘΑΛΑΣΣΙΝΑ","178. 虾 στον Ατμό","178. Shrimp στον Ατμό","178. Γαρίδες στον Ατμό","","","","18.9","","true","14009"
"海鲜","Seafood","ΘΑΛΑΣΣΙΝΑ","179. Καλαμάρι 配 酱 咖喱","179. Καλαμάρι with Sauce Curry","179. Καλαμάρι με Σάλτσα Κάρυ","","","","15.9","","true","14010"
"海鲜","Seafood","ΘΑΛΑΣΣΙΝΑ","180. Καλαμάρι 配 酱 Thai","180. Καλαμάρι with Sauce Thai","180. Καλαμάρι με Σάλτσα Thai","Καυτερό","Καυτερό","Καυτερό","15.9","","true","14011"
"海鲜","Seafood","ΘΑΛΑΣΣΙΝΑ","181. Τσιπούρα Τηγανητή","181. Τσιπούρα Τηγανητή","181. Τσιπούρα Τηγανητή","","","","29","","true","14012"
"海鲜","Seafood","ΘΑΛΑΣΣΙΝΑ","182. Τσιπούρα στον Ατμό","182. Τσιπούρα στον Ατμό","182. Τσιπούρα στον Ατμό","","","","29","","true","14013"
"海鲜","Seafood","ΘΑΛΑΣΣΙΝΑ","183. Λαυράκι 炒/炸","183. Λαυράκι Fried","183. Λαυράκι Τηγανητό","","","","29","","true","14014"
"海鲜","Seafood","ΘΑΛΑΣΣΙΝΑ","184. Λαυράκι στον Ατμό","184. Λαυράκι στον Ατμό","184. Λαυράκι στον Ατμό","","","","29","","true","14015"
"海鲜","Seafood","ΘΑΛΑΣΣΙΝΑ","185. Suan Cai Yu Soup","185. Suan Cai Yu Soup","185. Suan Cai Yu Soup","Μεγάλο μέγεθος","Μεγάλο μέγεθος","Μεγάλο μέγεθος","35","","true","14016"
"海鲜","Seafood","ΘΑΛΑΣΣΙΝΑ","186. 汤 Ψαριού 配 Chili","186. Soup Ψαριού with Chili","186. Σούπα Ψαριού με Chili","Μεγάλο μέγεθος","Μεγάλο μέγεθος","Μεγάλο μέγεθος","35","","true","14017"
"海鲜","Seafood","ΘΑΛΑΣΣΙΝΑ","189. Καλαμάρι 配 Αλάτι 和 Πιπέρι Καυτερό","189. Καλαμάρι with Αλάτι and Πιπέρι Καυτερό","189. Καλαμάρι με Αλάτι και Πιπέρι Καυτερό","","","","15.9","","true","14018"
"砂锅菜","Clay Pot Dishes","ΠΙΑΤΑ ΣΕ ΠΗΛΙΝΟ","210. 炒/炸 Tofu 配 蔬菜","210. Fried Tofu with Vegetables","210. Τηγανητό Tofu με Λαχανικά","","","","14.9","","true","15001"
"砂锅菜","Clay Pot Dishes","ΠΙΑΤΑ ΣΕ ΠΗΛΙΝΟ","211. 牛肉 Goulash 配 Κινέζικα Καρότα","211. Beef Goulash with Κινέζικα Καρότα","211. Μοσχάρι Goulash με Κινέζικα Καρότα","","","","17.9","","true","15002"
"砂锅菜","Clay Pot Dishes","ΠΙΑΤΑ ΣΕ ΠΗΛΙΝΟ","212. 牛肉 Goulash 配 Tofu","212. Beef Goulash with Tofu","212. Μοσχάρι Goulash με Tofu","","","","17.9","","true","15003"
"砂锅菜","Clay Pot Dishes","ΠΙΑΤΑ ΣΕ ΠΗΛΙΝΟ","213. 牛肉 Goulash 配 酱 咖喱","213. Beef Goulash with Sauce Curry","213. Μοσχάρι Goulash με Σάλτσα Κάρυ","","","","17.9","","true","15004"
"砂锅菜","Clay Pot Dishes","ΠΙΑΤΑ ΣΕ ΠΗΛΙΝΟ","214. 炒/炸 Tofu 配 Τραγανό 猪肉","214. Fried Tofu with Τραγανό Pork","214. Τηγανητό Tofu με Τραγανό Χοιρινό","","","","17.9","","true","15005"
"砂锅菜","Clay Pot Dishes","ΠΙΑΤΑ ΣΕ ΠΗΛΙΝΟ","215. 炒/炸 Tofu 配 海鲜","215. Fried Tofu with Seafood","215. Τηγανητό Tofu με Θαλασσινά","","","","17.9","https://wolt-menu-images-cdn.wolt.com/menu-images/613a080471a7ebf726042884/0c5d3324-1b72-11ec-840f-5691f154b5b4_wok25.jpeg","true","15006"
"砂锅菜","Clay Pot Dishes","ΠΙΑΤΑ ΣΕ ΠΗΛΙΝΟ","216. Μελιτζάνες 配 猪肉","216. Μελιτζάνες with Pork","216. Μελιτζάνες με Χοιρινό","","","","15.9","","true","15007"
"砂锅菜","Clay Pot Dishes","ΠΙΑΤΑ ΣΕ ΠΗΛΙΝΟ","217. 炒/炸 Tofu 配 Κεφάλια Ψαριών","217. Fried Tofu with Κεφάλια Ψαριών","217. Τηγανητό Tofu με Κεφάλια Ψαριών","","","","16.9","","true","15008"
"蒸饭盖饭","Rice Plates","ΠΙΑΤΑ ΜΕ ΡΥΖΙ ΑΤΜΟΥ","135. 烤 鸭肉 和 米饭 Ατμού","135. Roasted Duck and Rice Ατμού","135. Ψητή Πάπια και Ρύζι Ατμού","","","","16.5","https://wolt-menu-images-cdn.wolt.com/menu-images/613a080471a7ebf726042884/6f243692-1b72-11ec-9fcf-622ab477fd83_wok30.jpeg","true","16001"
"蒸饭盖饭","Rice Plates","ΠΙΑΤΑ ΜΕ ΡΥΖΙ ΑΤΜΟΥ","136. 烤 猪肉 Tja Sieuw 和 米饭 Ατμού","136. Roasted Pork Tja Sieuw and Rice Ατμού","136. Ψητό Χοιρινό Tja Sieuw και Ρύζι Ατμού","","","","15.9","","true","16002"
"蒸饭盖饭","Rice Plates","ΠΙΑΤΑ ΜΕ ΡΥΖΙ ΑΤΜΟΥ","137. 烤 Τραγανό 猪肉 和 米饭 Ατμού","137. Roasted Τραγανό Pork and Rice Ατμού","137. Ψητό Τραγανό Χοιρινό και Ρύζι Ατμού","","","","15.9","","true","16003"
"蒸饭盖饭","Rice Plates","ΠΙΑΤΑ ΜΕ ΡΥΖΙ ΑΤΜΟΥ","138. Ανά配ικτα 蔬菜 和 米饭 Ατμού","138. Ανάwithικτα Vegetables and Rice Ατμού","138. Ανάμεικτα Λαχανικά και Ρύζι Ατμού","","","","11.9","","true","16004"
"蒸饭盖饭","Rice Plates","ΠΙΑΤΑ ΜΕ ΡΥΖΙ ΑΤΜΟΥ","139. 牛肉 Goulash 和 米饭 Ατμού","139. Beef Goulash and Rice Ατμού","139. Μοσχάρι Goulash και Ρύζι Ατμού","","","","15.9","","true","16005"
"素食","Vegetarian","VEGETERIAN","220. Ανά配ικτα 蔬菜 配 Kung Pao Sauce","220. Ανάwithικτα Vegetables with Kung Pao Sauce","220. Ανάμεικτα Λαχανικά με Kung Pao Sauce","Spicy","Spicy","Spicy","8.9","","true","17001"
"素食","Vegetarian","VEGETERIAN","221. Ανά配ικτα 蔬菜 配 Thai Sauce","221. Ανάwithικτα Vegetables with Thai Sauce","221. Ανάμεικτα Λαχανικά με Thai Sauce","Spicy","Spicy","Spicy","8.9","","true","17002"
"素食","Vegetarian","VEGETERIAN","222. Ανά配ικτα 蔬菜 配 Black Bean Sauce","222. Ανάwithικτα Vegetables with Black Bean Sauce","222. Ανάμεικτα Λαχανικά με Black Bean Sauce","","","","8.9","","true","17003"
"素食","Vegetarian","VEGETERIAN","223. Ανά配ικτα 蔬菜 配 Curry Sauce","223. Ανάwithικτα Vegetables with Curry Sauce","223. Ανάμεικτα Λαχανικά με Curry Sauce","","","","8.9","","true","17004"
"素食","Vegetarian","VEGETERIAN","224. Ανά配ικτα 蔬菜 配 Oyster Sauce","224. Ανάwithικτα Vegetables with Oyster Sauce","224. Ανάμεικτα Λαχανικά με Oyster Sauce","","","","8.9","","true","17005"
"素食","Vegetarian","VEGETERIAN","225. Ανά配ικτα 蔬菜 配 Sweet and Sour Sauce","225. Ανάwithικτα Vegetables with Sweet and Sour Sauce","225. Ανάμεικτα Λαχανικά με Sweet and Sour Sauce","","","","8.9","","true","17006"
"素食","Vegetarian","VEGETERIAN","226. Ανά配ικτα 蔬菜 配 Tofu","226. Ανάwithικτα Vegetables with Tofu","226. Ανάμεικτα Λαχανικά με Tofu","","","","9.5","","true","17007"
"素食","Vegetarian","VEGETERIAN","228. Κινέζικο Λάχανο","228. Κινέζικο Λάχανο","228. Κινέζικο Λάχανο","","","","9.5","","true","17008"
"素食","Vegetarian","VEGETERIAN","229. 炒/炸 Αγγούρι 配 蒜","229. Fried Αγγούρι with Garlic","229. Τηγανητό Αγγούρι με Σκόρδο","","","","8.9","","true","17009"
"素食","Vegetarian","VEGETERIAN","230. Μπρόκολο 配 酱 Στρειδιών","230. Μπρόκολο with Sauce Στρειδιών","230. Μπρόκολο με Σάλτσα Στρειδιών","","","","9.5","","true","17010"
"素食","Vegetarian","VEGETERIAN","231. 炒/炸 Tofu 配 糖醋 酱","231. Fried Tofu with Sweet and Sour Sauce","231. Τηγανητό Tofu με Γλυκόξινη Σάλτσα","","","","9.9","","true","17011"
"素食","Vegetarian","VEGETERIAN","232. 炒/炸 Tofu","232. Fried Tofu","232. Τηγανητό Tofu","","","","9.9","","true","17012"
"素食","Vegetarian","VEGETERIAN","233. Mapo Tofu","233. Mapo Tofu","233. Mapo Tofu","","","","10.9","https://wolt-menu-images-cdn.wolt.com/menu-images/613a080471a7ebf726042884/535004c8-1b72-11ec-986e-8aa3e0d61abd_wok29.jpeg","true","17013"
"素食","Vegetarian","VEGETERIAN","234. Τηγανητή Μελιτζάνα","234. Τηγανητή Μελιτζάνα","234. Τηγανητή Μελιτζάνα","","","","10.9","","true","17014"
"素食","Vegetarian","VEGETERIAN","235. 炒/炸 Φασολάκια 配 蒜","235. Fried Φασολάκια with Garlic","235. Τηγανητά Φασολάκια με Σκόρδο","","","","10.9","https://wolt-menu-images-cdn.wolt.com/menu-images/613a080471a7ebf726042884/31278e66-1b72-11ec-ad78-5691f154b5b4_wok27.jpeg","true","17015"
"素食","Vegetarian","VEGETERIAN","237. Bλαστάρια Φασολιών","237. Bλαστάρια Φασολιών","237. Bλαστάρια Φασολιών","","","","9.9","","true","17016"
"素食","Vegetarian","VEGETERIAN","238. Κινεζικές Τηγανητές Πατάτες","238. Κινεζικές Τηγανητές Πατάτες","238. Κινεζικές Τηγανητές Πατάτες","Καυτερό","Καυτερό","Καυτερό","9.9","","true","17017"
"素食","Vegetarian","VEGETERIAN","239. Πράσινα 蔬菜 Shanghai","239. Πράσινα Vegetables Shanghai","239. Πράσινα Λαχανικά Shanghai","","","","9.9","","true","17018"
"素食","Vegetarian","VEGETERIAN","240. Τηγανητές Ντομάτες 配 鸡蛋","240. Τηγανητές Ντομάτες with Eggs","240. Τηγανητές Ντομάτες με Αυγά","","","","10.9","","true","17019"
"儿童餐","Kids Menu","ΠΑΙΔΙΚΟ MENU","85. Chicken Nuggets and Chips","85. Chicken Nuggets and Chips","85. Chicken Nuggets and Chips","7 Τεμάχια. Φιλετάκια κοτόπουλο 和 πατάτες τηγανητές","7 Τεμάχια. Φιλετάκια κοτόπουλο and πατάτες τηγανητές","7 Τεμάχια. Φιλετάκια κοτόπουλο και πατάτες τηγανητές","10","","true","18001"
"儿童餐","Kids Menu","ΠΑΙΔΙΚΟ MENU","87. Fried Chips","87. Fried Chips","87. Fried Chips","Πατάτες τηγανητές","Πατάτες τηγανητές","Πατάτες τηγανητές","5.5","","true","18002"
"甜品","Desserts","ΓΛΥΚΑ","297. Τηγανητή Μπανάνα 配 Μέλι","297. Τηγανητή Μπανάνα with Μέλι","297. Τηγανητή Μπανάνα με Μέλι","","","","6","","true","19001"
"甜品","Desserts","ΓΛΥΚΑ","298. Τηγανητή Μπανάνα 配 Σοκολάτα","298. Τηγανητή Μπανάνα with Σοκολάτα","298. Τηγανητή Μπανάνα με Σοκολάτα","","","","6","","true","19002"
"甜品","Desserts","ΓΛΥΚΑ","299. 炒/炸ς Ανανάς 配 Μέλι","299. Friedς Ανανάς with Μέλι","299. Τηγανητός Ανανάς με Μέλι","","","","5","","true","19003"
"软饮","Soft Drinks","ΑΝΑΨΥΚΤΙΚΑ","255. Coca-Cola 0.33 l","255. Coca-Cola 0.33 l","255. Coca-Cola 0.33 l","","","","2.5","https://wolt-menu-images-cdn.wolt.com/menu-images/613a080471a7ebf726042884/512de592-ed1c-11ee-8e72-6605283b15d2_1k8hcfzug66d9vgwk8cfxzjjrnywghgr2.jpg","true","20001"
"软饮","Soft Drinks","ΑΝΑΨΥΚΤΙΚΑ","255. Coca-Cola Zero 0.33 l","255. Coca-Cola Zero 0.33 l","255. Coca-Cola Zero 0.33 l","","","","2.5","https://wolt-menu-images-cdn.wolt.com/menu-images/613a080471a7ebf726042884/27850bda-1918-11ef-8dfd-564ef7b1507a_1jrad64jnjr8vlotygpk7v_y9y5hylvmz.jpg","true","20002"
"软饮","Soft Drinks","ΑΝΑΨΥΚΤΙΚΑ","255. Fanta Κόκκινη 0.33 l","255. Fanta Κόκκινη 0.33 l","255. Fanta Κόκκινη 0.33 l","","","","2.5","https://imageproxy.wolt.com/assets/67dc0a8a9f3f5515b9da3373","true","20003"
"软饮","Soft Drinks","ΑΝΑΨΥΚΤΙΚΑ","255. Fanta Λεμόνι 0.33 l","255. Fanta Λεμόνι 0.33 l","255. Fanta Λεμόνι 0.33 l","","","","2.5","https://imageproxy.wolt.com/assets/67dc0a8b9f3f5515b9da337c","true","20004"
"软饮","Soft Drinks","ΑΝΑΨΥΚΤΙΚΑ","255. Schweppes Soda Water 0.33 l","255. Schweppes Soda Water 0.33 l","255. Schweppes Soda Water 0.33 l","","","","2.5","https://wolt-menu-images-cdn.wolt.com/menu-images/613a080471a7ebf726042884/355fc434-2cb4-11ef-93b0-ca2d173c2bba_1rtbktnlc_ljbhod_ohztc_hy9phu6bt2.jpg","true","20005"
"软饮","Soft Drinks","ΑΝΑΨΥΚΤΙΚΑ","255. Black Ice Tea 0.33 l","255. Black Ice Tea 0.33 l","255. Black Ice Tea 0.33 l","","","","2.5","","true","20006"
"软饮","Soft Drinks","ΑΝΑΨΥΚΤΙΚΑ","256. Γάλα Καρύδας 0.33 l","256. Γάλα Καρύδας 0.33 l","256. Γάλα Καρύδας 0.33 l","","","","3.5","","true","20007"
"软饮","Soft Drinks","ΑΝΑΨΥΚΤΙΚΑ","257. Κινέζικο Τσάι Κρύο JIA Duo Bao 0.33 l","257. Κινέζικο Τσάι Κρύο JIA Duo Bao 0.33 l","257. Κινέζικο Τσάι Κρύο JIA Duo Bao 0.33 l","","","","3.5","","true","20008"
"软饮","Soft Drinks","ΑΝΑΨΥΚΤΙΚΑ","258. Νερό 0.5 l","258. Νερό 0.5 l","258. Νερό 0.5 l","","","","1","https://wolt-menu-images-cdn.wolt.com/menu-images/613a080471a7ebf726042884/b5974acc-aa8f-11ec-b59f-da26313ed04f_generic_500ml.jpeg","true","20009"
"软饮","Soft Drinks","ΑΝΑΨΥΚΤΙΚΑ","258. Νερό 1.5 l","258. Νερό 1.5 l","258. Νερό 1.5 l","","","","2.5","https://wolt-menu-images-cdn.wolt.com/menu-images/613a080471a7ebf726042884/bb3c074c-aa8f-11ec-a953-6ab687326c7b_generic_1_1.5l.jpeg","true","20010"
"啤酒和饮品","Beers and Drinks","ΜΠΥΡΕΣ-ΠΟΤΑ","270. Heineken 0.33 l","270. Heineken 0.33 l","270. Heineken 0.33 l","","","","3.5","https://wolt-menu-images-cdn.wolt.com/menu-images/62679cda8ce11489f62cc0ea/a491889e-36b8-11ee-9253-7a8d1d2d077c_556ea3b5_e5b1_47e3_95f8_547a0fe4ecb1.jpg","true","21001"
"啤酒和饮品","Beers and Drinks","ΜΠΥΡΕΣ-ΠΟΤΑ","271. Άλφα 0.33 l","271. Άλφα 0.33 l","271. Άλφα 0.33 l","","","","3.5","https://wolt-menu-images-cdn.wolt.com/menu-images/62679cda8ce11489f62cc0ea/63578aea-36b8-11ee-b134-762f51b69487_fa85caa8_58e8_4407_9559_cb9c76ec3a57.jpg","true","21002"
"啤酒和饮品","Beers and Drinks","ΜΠΥΡΕΣ-ΠΟΤΑ","272. Amstel 0.33 l","272. Amstel 0.33 l","272. Amstel 0.33 l","","","","3.5","https://wolt-menu-images-cdn.wolt.com/menu-images/62679cda8ce11489f62cc0ea/79e526b4-36b8-11ee-937c-c260636910f5_e52cc46c_bc1f_4c05_82ef_ad958c588024.jpg","true","21003"
"啤酒和饮品","Beers and Drinks","ΜΠΥΡΕΣ-ΠΟΤΑ","274. Tsing Tao 0.33 l","274. Tsing Tao 0.33 l","274. Tsing Tao 0.33 l","","","","4.5","https://wolt-menu-images-cdn.wolt.com/menu-images/613a080471a7ebf726042884/7f8206d4-aa8f-11ec-8fc2-ba7e40cafcd5_tsingtao_0.5_l.jpeg","true","21004"
"啤酒和饮品","Beers and Drinks","ΜΠΥΡΕΣ-ΠΟΤΑ","275. Sake 0.18 l","275. Sake 0.18 l","275. Sake 0.18 l","","","","9.9","https://wolt-menu-images-cdn.wolt.com/menu-images/613a080471a7ebf726042884/85f14016-aa8f-11ec-bb47-822982b37601__0006______.jpeg","true","21005"
"葡萄酒","Wines","ΚΡΑΣΙΑ ","283. Μαλαγουζιά 2017 0.75 l","283. Μαλαγουζιά 2017 0.75 l","283. Μαλαγουζιά 2017 0.75 l","Κρασί λευκό ξηρό","Κρασί λευκό ξηρό","Κρασί λευκό ξηρό","25","https://wolt-menu-images-cdn.wolt.com/menu-images/613a080471a7ebf726042884/93c9297e-aa8f-11ec-b84f-8250f062a653__________________.jpeg","true","22001"
"葡萄酒","Wines","ΚΡΑΣΙΑ ","284. Cabernet Sauvignon 2018","284. Cabernet Sauvignon 2018","284. Cabernet Sauvignon 2018","Κρασί κόκκινο ξηρό","Κρασί κόκκινο ξηρό","Κρασί κόκκινο ξηρό","25","https://wolt-menu-images-cdn.wolt.com/menu-images/613a080471a7ebf726042884/8de305b6-aa8f-11ec-a60d-26cd5819113c____________________.jpeg","true","22002"
"葡萄酒","Wines","ΚΡΑΣΙΑ ","286. Άλφα Κτήμα Άλφα 0,75 l 2017","286. Άλφα Κτήμα Άλφα 0,75 l 2017","286. Άλφα Κτήμα Άλφα 0,75 l 2017","Κόκκινο","Κόκκινο","Κόκκινο","59","","true","22003"
"葡萄酒","Wines","ΚΡΑΣΙΑ ","287. Άλφα Sauvignon Blanc 2018 0.75 l","287. Άλφα Sauvignon Blanc 2018 0.75 l","287. Άλφα Sauvignon Blanc 2018 0.75 l","Λευκό","Λευκό","Λευκό","55","","true","22004"
"蘸酱","Dips","DIPS","Chili Sauce Dip","Chili Sauce Dip","Chili Sauce Dip","","","","1","","true","23001"
"蘸酱","Dips","DIPS","Sweet and Sour Sauce Dip","Sweet and Sour Sauce Dip","Sweet and Sour Sauce Dip","","","","0.7","https://wolt-menu-images-cdn.wolt.com/menu-images/613a080471a7ebf726042884/b56d7fc0-555b-11ef-9219-56174b50b693_1tz2frwvwe455lzcki7xxtn_dteghhch6.jpg","true","23002"
"蘸酱","Dips","DIPS","Sweet Chili Sauce Dip","Sweet Chili Sauce Dip","Sweet Chili Sauce Dip","","","","1","https://wolt-menu-images-cdn.wolt.com/menu-images/613a080471a7ebf726042884/b70dffb2-555b-11ef-9a52-d6606c6d2b5f_1tz2frwvwe455lzcki7xxtn_dteghhch6.jpg","true","23003"
"蘸酱","Dips","DIPS","Teriyaki Sauce Dip","Teriyaki Sauce Dip","Teriyaki Sauce Dip","","","","1","https://wolt-menu-images-cdn.wolt.com/menu-images/613a080471a7ebf726042884/ed555064-6ab1-11ef-9d8d-7a66e2c565b3_14i0lbpbeucll_h9_rwpgk89yxwjtcmdd.jpeg","true","23004"
"蘸酱","Dips","DIPS","Soya Sauce Dip","Soya Sauce Dip","Soya Sauce Dip","","","","0.7","","true","23005"
"蘸酱","Dips","DIPS","Duck Sauce Dip","Duck Sauce Dip","Duck Sauce Dip","","","","1.2","","true","23006"
"餐具","Cutlery","Μαχαιροπίρουνα","Μαχαιροπίρουνα","Μαχαιροπίρουνα","Μαχαιροπίρουνα","Παρακαλώ προσθέστε αυτό το αντικεί配νο αν χρειάζεστε μαχαιροπίρουνα 配 την παραγγελία σας. Το εστιατόριο θα επιλέξει τα κατάλληλα μαχαιροπίρουνα για τα γεύματά σας, εφόσον είναι διαθέσιμα.","Παρακαλώ προσθέστε αυτό το αντικείwithνο αν χρειάζεστε μαχαιροπίρουνα with την παραγγελία σας. Το εστιατόριο θα επιλέξει τα κατάλληλα μαχαιροπίρουνα για τα γεύματά σας, εφόσον είναι διαθέσιμα.","Παρακαλώ προσθέστε αυτό το αντικείμενο αν χρειάζεστε μαχαιροπίρουνα με την παραγγελία σας. Το εστιατόριο θα επιλέξει τα κατάλληλα μαχαιροπίρουνα για τα γεύματά σας, εφόσον είναι διαθέσιμα.","0","https://imageproxy.wolt.com/assets/689b5a63c67a5c9ffb507963","true","24001"
